,nom,time,x,y,z,omega,phi,kappa,M11,M12,M13,M21,M22,M23,M31,M32,M33,roll,Pitch,Yaw
0,Job_20240422_0938_Track11_Sphere_00001.jpg,116746.20587,253484.1516765703,42046.9819034571,384.442682608,-116.6140415136,-63.2659454469,187.9680706732,-0.5358123748,-0.1024902166,-0.8380935834,-0.8437721178,0.1013015491,0.5270546551,0.0308822326,0.9895624041,-0.1407570107,-8.095540763803148,-1.7697029622404068,-122.4163738533694
1,Job_20240422_0938_Track11_Sphere_00002.jpg,116746.735601,253486.5735395828,42045.3087195372,384.6764768381,-116.6397754844,-63.0749572954,187.5397434701,-0.5375745754,-0.1065813944,-0.8364532158,-0.8428703291,0.0963305317,0.5294242505,0.0241492082,0.9896266139,-0.1416191396,-8.143940893819678,-1.3837822313083232,-122.52933830324089
2,Job_20240422_0938_Track11_Sphere_00003.jpg,116747.240566,253488.9973819139,42043.6441605808,384.9130104091,-116.6217522135,-63.201636523,187.4338553467,-0.5357633781,-0.1071487634,-0.8375420856,-0.8440672644,0.0944419769,0.5278552511,0.0225400929,0.9897473695,-0.1410393162,-8.110065763088791,-1.2915615725548335,-122.40493582620314
3,Job_20240422_0938_Track11_Sphere_00004.jpg,116747.72691,253491.4294671114,42041.9878387265,385.145237566,-116.9653989106,-63.2229980291,187.2359679071,-0.5351522941,-0.1087576389,-0.8377253715,-0.84441266,0.0971242397,0.5268150926,0.0240682742,0.9893122146,-0.1438125868,-8.270937493929663,-1.3791437073197517,-122.3647584454317
4,Job_20240422_0938_Track11_Sphere_00005.jpg,116748.198636,253493.8735915041,42040.3187712142,385.3862032555,-117.540852645,-63.2570834451,186.4030969001,-0.5332452796,-0.1156542862,-0.8380176358,-0.845750765,0.094950468,0.5250619507,0.0188445016,0.9887408633,-0.1484465899,-8.538442412509974,-1.079774320715991,-122.23140328075993
5,Job_20240422_0938_Track11_Sphere_00006.jpg,116748.65457,253496.3231388566,42038.6490454851,385.6375923716,-116.8305095947,-63.2745777491,186.8429259097,-0.5338061746,-0.111920201,-0.8381675468,-0.8454500845,0.0897248581,0.5264632984,0.016282586,0.9896581826,-0.1425186266,-8.194708479418049,-0.9329646857607632,-122.26778099309115
6,Job_20240422_0938_Track11_Sphere_00007.jpg,116749.098385,253498.7832506075,42036.9815796409,385.8835453922,-116.4594876028,-63.0959940606,187.5708039921,-0.5373553324,-0.1062654728,-0.8366342666,-0.8430613142,0.0939048693,0.5295559423,0.0222905189,0.9898936937,-0.1400485915,-8.052672110909684,-1.277258440782258,-122.51285903987919
7,Job_20240422_0938_Track11_Sphere_00008.jpg,116749.528554,253501.2174633612,42035.3210005807,386.1176815433,-116.9771317292,-62.9273966705,187.4561251381,-0.5393339555,-0.1076666544,-0.8351806847,-0.8416594137,0.1007066848,0.5305351968,0.0269873283,0.9890733315,-0.1449331879,-8.336468209355479,-1.546447768036352,-122.6516813207008
8,Job_20240422_0938_Track11_Sphere_00009.jpg,116749.954392,253503.6780857312,42033.6305432674,386.3681587512,-116.777312395,-62.9138390325,187.6103917873,-0.5397677637,-0.1063938118,-0.8350635413,-0.8413900293,0.0996630356,0.5311592021,0.0267129153,0.9893167522,-0.1433135863,-8.242596730483926,-1.5307193885259593,-122.68094658546697
9,Job_20240422_0938_Track11_Sphere_00010.jpg,116750.373336,253506.1311935689,42031.930764351,386.6116784606,-116.6910625387,-63.1173562006,187.3605264383,-0.5367261508,-0.1079844135,-0.8368180241,-0.8434661081,0.0946851436,0.5287718299,0.0221351189,0.9896333109,-0.1419011857,-8.159887525225813,-1.2683524803956963,-122.46998311037123
10,Job_20240422_0938_Track11_Sphere_00011.jpg,116750.789921,253508.6075158874,42030.24356273,386.8546170266,-116.5330139472,-63.2209131775,187.6780134262,-0.5359214824,-0.1050444217,-0.8377074873,-0.8438916114,0.0962681455,0.5278062073,0.0252014484,0.9897970063,-0.1402382735,-8.064212628079405,-1.4440895194992238,-122.41798146001398
11,Job_20240422_0938_Track11_Sphere_00012.jpg,116751.203914,253511.0793493547,42028.5676439619,387.0913590742,-116.7873189267,-63.4030414752,187.5749417612,-0.533397452,-0.1054467525,-0.8392664301,-0.8454218466,0.0985630831,0.5249259186,0.0273689534,0.9895283225,-0.1417202856,-8.150477923676139,-1.5683213575839625,-122.24883621681333
12,Job_20240422_0938_Track11_Sphere_00013.jpg,116751.616338,253513.5570399431,42026.8985220259,387.3338435246,-116.8849279887,-63.6128906952,187.556968493,-0.5306509659,-0.1050594815,-0.8410541348,-0.8470994561,0.099506422,0.5220354235,0.0288455167,0.9894751019,-0.1417990086,-8.155377211164735,-1.65295564828413,-122.06438261752106
13,Job_20240422_0938_Track11_Sphere_00014.jpg,116752.031197,253516.0588754494,42025.2180387294,387.5757248811,-116.979855174,-63.7082437499,187.4687408374,-0.5292688557,-0.1055483104,-0.8418634287,-0.8479602398,0.09965504,0.5206076303,0.0289466779,0.9894081196,-0.1422450795,-8.18123198251603,-1.6587541771092602,-121.97105229914189
14,Job_20240422_0938_Track11_Sphere_00015.jpg,116752.43954,253518.5232179239,42023.5640528863,387.8179701827,-117.1829016667,-63.8171772822,187.1204422056,-0.5272715502,-0.1081527679,-0.8427856733,-0.8492841185,0.0979913609,0.5187621606,0.0264801515,0.9892930162,-0.1435204849,-8.254527847367095,-1.5173782866523773,-121.8337618877257
15,Job_20240422_0938_Track11_Sphere_00016.jpg,116752.847783,253520.996566521,42021.9118742533,388.0671670008,-117.2175118927,-63.8364113696,187.054820872,-0.5269103813,-0.1086447842,-0.8429482552,-0.8495241516,0.0976220824,0.5184386607,0.0259647077,0.9892756137,-0.1437344568,-8.266807815253362,-1.4878353713504968,-121.80891867796647
16,Job_20240422_0938_Track11_Sphere_00017.jpg,116753.255061,253523.4794382051,42020.255825514,388.3139086058,-117.4563256385,-63.858169318,186.7025971695,-0.526019353,-0.1114986063,-0.8431320781,-0.850141523,0.0965946092,0.5176184621,0.0237282764,0.9890589175,-0.1456002288,-8.374413432527842,-1.3596577032587156,-121.74687195760767
17,Job_20240422_0938_Track11_Sphere_00018.jpg,116753.659679,253525.9704564566,42018.6047787089,388.5663456367,-117.3132164133,-63.7707420038,186.9595045417,-0.527598194,-0.1096103783,-0.8423928482,-0.8491077852,0.0979460159,0.5190592906,0.0256147381,0.9891370698,-0.1447471666,-8.32538948021408,-1.4677769191237007,-121.85499802497475
18,Job_20240422_0938_Track11_Sphere_00019.jpg,116754.063905,253528.4753816235,42016.9254052192,388.8172898088,-117.0169414226,-63.2931059019,187.3617448056,-0.5344613702,-0.1075181177,-0.838326248,-0.8447659334,0.0994789602,0.5258083816,0.0268618959,0.9892137235,-0.1439953044,-8.282113372970004,-1.5392584170967014,-122.32046979232436
19,Job_20240422_0938_Track11_Sphere_00020.jpg,116754.449571,253530.8941434869,42015.2736078268,389.0530790975,-116.6769826758,-62.714479161,187.8828862104,-0.5427833732,-0.1045766806,-0.8333366232,-0.8393655801,0.1020200346,0.5339076095,0.0291827456,0.9892702515,-0.1431528447,-8.233860295827206,-1.6722855773534453,-122.88909569336309
20,Job_20240422_0938_Track11_Sphere_00021.jpg,116754.833111,253533.3349875713,42013.5716134654,389.2974766549,-116.2492091157,-62.1854899799,188.487410177,-0.5505446429,-0.1006598167,-0.8287147866,-0.8342000887,0.1041425028,0.5415390578,0.0317932097,0.9894553756,-0.1413055251,-8.127534883993661,-1.8219237568228686,-123.42349951286768
21,Job_20240422_0938_Track11_Sphere_00022.jpg,116755.210412,253535.7552591752,42011.8482027035,389.5305977091,-116.3527707156,-61.5930308325,188.4700594488,-0.5580793877,-0.1021946393,-0.823470493,-0.8291867885,0.1064382336,0.5487441774,0.0315700314,0.989053668,-0.144139429,-8.291610703817376,-1.8091301618684172,-123.94229804558834
22,Job_20240422_0938_Track11_Sphere_00023.jpg,116755.590114,253538.2110758041,42010.0500955628,389.7777450476,-116.2576966386,-61.4413446301,187.8131961704,-0.5589199013,-0.1083203535,-0.8221163208,-0.8289855181,0.0966488872,0.5508557011,0.0197877433,0.9894067382,-0.1438149908,-8.270294587526056,-1.1338281764781843,-123.98869788080349
23,Job_20240422_0938_Track11_Sphere_00024.jpg,116755.961096,253540.6384029629,42008.2800577767,390.0236000884,-115.4256571113,-61.7559055829,188.0646339468,-0.5553455611,-0.1053536028,-0.8249193452,-0.8315097021,0.0864768489,0.5487379792,0.0135249025,0.99066764,-0.1356270771,-7.795599734821336,-0.7749434575762894,-123.73801947026288
24,Job_20240422_0938_Track11_Sphere_00025.jpg,116756.347161,253543.1122486911,42006.5051899813,390.2643905515,-114.9903949194,-62.0641754019,188.2596784826,-0.551732466,-0.1029179741,-0.8276467704,-0.8339418398,0.0817626547,0.5457617393,0.0115019046,0.9913237407,-0.1309387158,-7.524341073224502,-0.6590251208584236,-123.48845619619341
25,Job_20240422_0938_Track11_Sphere_00026.jpg,116756.748601,253545.564303758,42004.7709512319,390.4875538917,-114.8548620914,-62.5594546172,188.3798679363,-0.5455771613,-0.1007043097,-0.8319881027,-0.8379660893,0.0804596537,0.5397583509,0.0125854825,0.9916576456,-0.1282837461,-7.371014833711399,-0.7211140675102604,-123.06706805832172
26,Job_20240422_0938_Track11_Sphere_00027.jpg,116757.194217,253548.1467585093,42002.9693620671,390.7150212023,-113.9565841405,-63.6482363082,188.4273149624,-0.5315782905,-0.0977107298,-0.8413543453,-0.8470019142,0.0654315506,0.5275475993,0.0035040585,0.993061592,-0.117543167,-6.750374515187365,-0.200768174239708,-122.11237646838828
27,Job_20240422_0938_Track11_Sphere_00028.jpg,116757.645327,253550.6323059922,42001.2995955069,390.9039342953,-113.962430617,-64.6171462759,188.3603735313,-0.5188225391,-0.095930154,-0.8494825357,-0.8548712674,0.0631896308,0.5149778508,0.0042765833,0.993380328,-0.1147921371,-6.591696527838785,-0.24503091936193977,-121.25362082664418
28,Job_20240422_0938_Track11_Sphere_00029.jpg,116758.123691,253553.1877278285,41999.6161246076,391.0802502148,-113.9048923713,-65.5753007237,187.6503020167,-0.5051166857,-0.0992348014,-0.8573270018,-0.8630308342,0.0512767365,0.5025420137,-0.0059087261,0.9937419939,-0.1115434286,-6.404407381061679,0.3385470403885722,-120.33968391885895
29,Job_20240422_0938_Track11_Sphere_00030.jpg,116758.604038,253555.7149957575,41998.0035365988,391.2358353278,-113.5963120467,-67.1372236062,187.1000496241,-0.4834865744,-0.099333091,-0.8696974585,-0.8752034377,0.0365655681,0.4823711246,-0.0161144332,0.9943821681,-0.104615624,-6.005804168801882,0.9233289753001755,-118.9174741588509
30,Job_20240422_0938_Track11_Sphere_00031.jpg,116759.107529,253558.3565173685,41996.4241346819,391.374707384,-113.6210352268,-69.9692351086,186.0037456478,-0.4434829308,-0.0991027834,-0.8907870275,-0.8958287892,0.0173808137,0.4440593292,-0.0285249122,0.994925397,-0.0964872206,-5.5391855916180965,1.6345787986982616,-116.33785933822092
31,Job_20240422_0938_Track11_Sphere_00032.jpg,116759.64507,253561.1049084071,41994.973073951,391.4949174542,-114.1698555303,-73.9161585974,184.5336422691,-0.386657974,-0.0958294305,-0.917230795,-0.921435901,-0.000944045,0.3885292643,-0.0380984453,0.9953973222,-0.0879356551,-5.048532707818764,2.1834085366987113,-112.7641621102202
32,Job_20240422_0938_Track11_Sphere_00033.jpg,116760.32476,253564.2014268152,41993.639315106,391.6024212083,-116.0932017256,-79.5786693094,182.1628451267,-0.3030089539,-0.0871923531,-0.9489905518,-0.9521624766,-0.0137330006,0.3052835122,-0.0396508756,0.9960968318,-0.0788600647,-4.5266124022952665,2.2724235392914394,-107.65275608264287
33,Job_20240422_0938_Track11_Sphere_00034.jpg,116761.429261,253567.729517912,41992.5493043037,391.6892929459,-126.2115483973,-86.9450397825,172.1711774073,-0.1844847449,-0.086206803,-0.9790473768,-0.982281278,-0.0172724496,0.1866149871,-0.0329980279,0.9961275268,-0.0814928251,-4.67693117621684,1.8909910123113165,-100.63695352116783
34,Job_20240422_0938_Track11_Sphere_00035.jpg,116762.607049,253570.7159896895,41992.0384145714,391.759786048,-161.2955126356,-93.5544540297,137.2646287849,-0.0558423399,-0.084246589,-0.9948789601,-0.998128121,-0.0201771568,0.0577333211,-0.0249376642,0.9962406309,-0.08296215,-4.7603345466506,1.4289710432234524,-93.20219251171736
35,Job_20240422_0938_Track11_Sphere_00036.jpg,116763.597742,253573.4541864362,41991.8719117818,391.8238924546,198.1175419786,-95.0188392568,96.9173487834,0.0037833955,-0.0780724602,-0.9969405082,-0.9998179169,-0.0189418226,-0.0023109423,-0.0187034493,0.9967677254,-0.0781299089,-4.481866499606216,1.0716911943826146,-89.78318895993613
36,Job_20240422_0938_Track11_Sphere_00037.jpg,116764.467883,253576.2635221488,41991.7434968697,391.8642569743,-161.5605849075,-93.5797184129,137.7395951125,-0.0562487345,-0.0835001629,-0.994918993,-0.9983278064,-0.0085998778,0.0571632136,-0.0133293194,0.9964706543,-0.0828768023,-4.754367092299794,0.7637363623663864,-93.22480376128995
37,Job_20240422_0938_Track11_Sphere_00038.jpg,116765.197113,253578.9962496422,41991.3558441764,391.9121277463,-125.5932693747,-86.3403871541,174.2392294467,-0.1957266528,-0.0838266642,-0.9770691725,-0.9805981487,0.0056769277,0.1959465316,-0.0108787931,0.9964641804,-0.0833113978,-4.779214119750027,0.6233212238687288,-101.2878524899867
38,Job_20240422_0938_Track11_Sphere_00039.jpg,116765.820841,253581.6929765774,41990.5596762523,391.9636195013,-113.9991527048,-77.4829253393,185.7228944294,-0.3376949087,-0.0770286169,-0.9380984708,-0.9410923597,0.0090686703,0.3380280015,-0.0175305236,0.9969876385,-0.0755534866,-4.333692224056547,1.0044764712024499,-109.73965692236622
39,Job_20240422_0938_Track11_Sphere_00040.jpg,116766.366544,253584.2464782224,41989.3790443493,391.9845232544,-110.8322044808,-69.3656705188,189.1255551352,-0.4561097963,-0.0786772734,-0.8864387967,-0.8897073541,0.0183615301,0.4561618991,-0.0196132018,0.9967310273,-0.0783746225,-4.496011712647435,1.1238257451613276,-117.14201316183907
40,Job_20240422_0938_Track11_Sphere_00041.jpg,116766.866408,253586.7222854366,41987.8842814062,392.0234521972,-108.3880249623,-63.1309901929,192.0363525824,-0.5430253509,-0.0682850481,-0.8369352547,-0.8395895489,0.0268347626,0.5425580936,-0.0145896466,0.9973048921,-0.0719033691,-4.123757460359177,0.8359548324906996,-122.89377014758912
41,Job_20240422_0938_Track11_Sphere_00042.jpg,116767.335755,253589.072640987,41986.1531294314,392.0433586873,-106.873159445,-59.7523484111,192.7462157952,-0.5870961484,-0.0671860192,-0.8067243341,-0.8090777634,0.0158678802,0.5874873472,-0.0266699311,0.9976142788,-0.0636746855,-3.6520613821095482,1.5282556995090513,-125.96599913831811
42,Job_20240422_0938_Track11_Sphere_00043.jpg,116767.777619,253591.343465751,41984.3167171925,392.045121491,-107.7807919141,-58.7010249686,191.4616005858,-0.5987432614,-0.0807889673,-0.7968561035,-0.8001114409,0.0150613989,0.5996622686,-0.0364443277,0.9966174276,-0.0736580881,-4.2269362553884235,2.0885686767064366,-126.8084210830354
43,Job_20240422_0938_Track11_Sphere_00044.jpg,116768.19291,253593.6369888376,41982.480880687,392.0591550292,-108.0869767369,-59.2548920896,191.511491748,-0.5919126048,-0.0793950299,-0.8020822262,-0.8053996602,0.0197924643,0.5924015916,-0.0311585582,0.9966467216,-0.0756601392,-4.341265192820988,1.785542877701044,-126.31329310433667
44,Job_20240422_0938_Track11_Sphere_00045.jpg,116768.587757,253595.9502432127,41980.6425264543,392.0877344208,-107.8320511728,-59.8702636947,191.3544190897,-0.5840056587,-0.0798017725,-0.8078174718,-0.8109444598,0.0130438932,0.584977726,-0.0361451745,0.9967254055,-0.0723325127,-4.150687119742768,2.071417160355294,-125.75973337574328
45,Job_20240422_0938_Track11_Sphere_00046.jpg,116768.964962,253598.275947078,41978.843336869,392.1117258351,-107.8811071805,-60.3369468288,191.5083230033,-0.5783120123,-0.0776000445,-0.8121166478,-0.8151646889,0.0152050531,0.5790296506,-0.0325844499,0.9968686169,-0.072050081,-4.133944619274927,1.8672819877736324,-125.35348774246192
46,Job_20240422_0938_Track11_Sphere_00047.jpg,116769.335932,253600.6536430957,41977.0283034425,392.141274224,-107.7573926604,-60.5109648893,191.5110561739,-0.5761129959,-0.0772797932,-0.8137085778,-0.816665357,0.0130927255,0.5769629757,-0.0339339164,0.9969234745,-0.0706546192,-4.0539258749139915,1.9446435275099037,-125.2008881501075
47,Job_20240422_0938_Track11_Sphere_00048.jpg,116769.701668,253603.0170365268,41975.2224905137,392.1696173726,-106.8717862792,-60.592631417,192.3696799311,-0.5760660332,-0.0693779625,-0.8144535737,-0.816785887,0.0101419289,0.5768517626,-0.0317606697,0.9975388913,-0.0625093614,-3.585670442980531,1.8200584085827223,-125.19470545949416
48,Job_20240422_0938_Track11_Sphere_00049.jpg,116770.082154,253605.4407997155,41973.373150616,392.1829978889,-107.1889326166,-60.6423352731,192.0086338372,-0.5750322543,-0.0725642382,-0.8149063369,-0.8174528758,0.0104216258,0.5759011942,-0.0332971825,0.9973092906,-0.0653106162,-3.746768600891771,1.908140729682946,-125.1242369178508
49,Job_20240422_0938_Track11_Sphere_00050.jpg,116770.466345,253607.845963001,41971.5483804168,392.2057935782,-106.2162678603,-60.8563689397,193.1677656025,-0.573530857,-0.0617890154,-0.8168503373,-0.8187246575,0.0098491226,0.5741018464,-0.0274279287,0.9980406366,-0.0562369662,-3.2250562278099473,1.5717016586362618,-125.01191069451468
50,Job_20240422_0938_Track11_Sphere_00051.jpg,116770.879972,253610.2983133932,41969.6970323566,392.2112206137,-106.4088247374,-61.4188713596,192.9148869747,-0.5660857619,-0.0632626177,-0.8219152945,-0.823856664,0.0090555887,0.5667258539,-0.0284096342,0.9979558294,-0.057245569,-3.283050169677776,1.6279711761463824,-124.49361172596069
51,Job_20240422_0938_Track11_Sphere_00052.jpg,116771.339243,253612.8170441805,41967.8369872412,392.2168810274,-106.3798939123,-62.3729412928,193.1201013064,-0.5539778432,-0.060102099,-0.8303591313,-0.8321641182,0.0103515085,0.5544327973,-0.0247271052,0.9981385595,-0.0557493166,-3.19683594119373,1.416903182666895,-123.65200162115934
52,Job_20240422_0938_Track11_Sphere_00053.jpg,116771.817803,253615.3076203052,41966.0674326597,392.217388656,-106.5391239913,-63.7410427576,193.0102388511,-0.5360097319,-0.0590887689,-0.8421413686,-0.8438938599,0.0101275714,0.536414565,-0.0231672295,0.9982013573,-0.0552931261,-3.1705311147346054,1.3275032389127202,-122.42218186842375
53,Job_20240422_0938_Track11_Sphere_00054.jpg,116772.296374,253617.7566211451,41964.4085416226,392.2094420055,-107.460679532,-65.3755614636,192.1415389858,-0.5135221164,-0.0637133247,-0.8557076886,-0.857768292,0.0113961459,0.5139101917,-0.0229911573,0.9979031717,-0.0605034427,-3.4696286649347265,1.3174123583342794,-120.90778876929699
54,Job_20240422_0938_Track11_Sphere_00055.jpg,116772.764114,253620.26358698,41962.8057673806,392.2066674922,-107.1201095462,-67.3112912121,192.1729186102,-0.4874974926,-0.060240441,-0.8710437899,-0.8727551755,0.0046112621,0.4881363947,-0.0253889405,0.9981732442,-0.0548231353,-3.1437242941550445,1.454835461932646,-119.18654728028982
55,Job_20240422_0938_Track11_Sphere_00056.jpg,116773.220663,253622.8293302688,41961.2835254166,392.1838178476,-107.7012617412,-70.0193584254,191.1688629066,-0.4493610713,-0.0627379375,-0.8911445331,-0.8928205993,-0.0028051518,0.4504037173,-0.030757196,0.998026093,-0.0547531969,-3.140183843004592,1.7625354872365357,-116.71634083754542
56,Job_20240422_0938_Track11_Sphere_00057.jpg,116773.656007,253625.4289106031,41959.891832971,392.1669935575,-107.8164545257,-72.9707974583,191.1586857313,-0.4079662184,-0.0570250504,-0.911214414,-0.9126016312,-0.0038994322,0.408831331,-0.0268668461,0.9983651326,-0.0504503174,-2.892863021881265,1.5395421418930522,-114.0863852242308
57,Job_20240422_0938_Track11_Sphere_00058.jpg,116774.087994,253628.1355747154,41958.6082003554,392.1378295925,-110.3523667923,-76.4252486716,188.3135220262,-0.3558249888,-0.0660628049,-0.9322147194,-0.9340133068,-0.0087442496,0.3571311814,-0.0317446058,0.9977771514,-0.0585921164,-3.3607004774407248,1.8191375501738982,-110.85501492988726
58,Job_20240422_0938_Track11_Sphere_00059.jpg,116774.502624,253630.8781851688,41957.4936189055,392.1325061731,-111.1685249612,-79.5076792098,187.272928088,-0.3100616068,-0.0628256064,-0.9486383627,-0.9501343245,-0.014435939,0.3115066116,-0.0332650773,0.9979201105,-0.0552167347,-3.167050231554938,1.9063002190910459,-108.07329085358414
59,Job_20240422_0938_Track11_Sphere_00060.jpg,116774.910525,253633.6706112154,41956.5037696017,392.1132604089,-110.1109667103,-81.2954053588,188.8533306706,-0.2851742494,-0.0504481661,-0.9571471308,-0.9582010844,-0.0088971198,0.2859572051,-0.0229418693,0.99868705,-0.0458022581,-2.625886116359968,1.3145876170490054,-106.57375261967131
60,Job_20240422_0938_Track11_Sphere_00061.jpg,116775.307154,253636.4071944703,41955.5752021298,392.0993416049,-112.3776907759,-81.3732488224,186.1002058056,-0.2815838329,-0.0624762408,-0.9575005297,-0.9590054552,-0.0148746411,0.2829969646,-0.0319230632,0.9979356013,-0.0557265973,-3.1961844057013944,1.829367593225741,-106.3633296899049
61,Job_20240422_0938_Track11_Sphere_00062.jpg,116775.717828,253639.2937488526,41954.6234610658,392.10052751,-112.1511311315,-82.3029068281,186.2116602341,-0.268007494,-0.0589718847,-0.9616102641,-0.9628573909,-0.0176143457,0.2694352975,-0.0328272429,0.9981042288,-0.0520607384,-2.9858203456570256,1.881200447433476,-105.55433064100468
62,Job_20240422_0938_Track11_Sphere_00063.jpg,116776.1332,253642.2058329791,41953.7046426404,392.0793069284,-111.6102713714,-84.5888408163,185.862965399,-0.2338341262,-0.0527968598,-0.9708419506,-0.9712420561,-0.0333645158,0.2357449418,-0.0448382642,0.9980477447,-0.0434767682,-2.494331000718142,2.569904909952329,-103.53678166461411
63,Job_20240422_0938_Track11_Sphere_00064.jpg,116776.544937,253645.0479886024,41952.9312547296,392.0376893934,-118.8662271792,-86.9045439261,178.3136514213,-0.1925184638,-0.0682413542,-0.9789176465,-0.9800142615,-0.037547337,0.1953515925,-0.050086808,0.9969620429,-0.0596489447,-3.423965330869462,2.8709639535799436,-101.11392220373412
64,Job_20240422_0938_Track11_Sphere_00065.jpg,116776.981146,253648.0458594412,41952.2678817855,392.0336826229,-124.0497371506,-90.0813418027,173.238652852,-0.1416629769,-0.063325039,-0.9878874128,-0.9888146779,-0.0379864515,0.1442309341,-0.0466597668,0.9972697574,-0.0572354542,-3.2847245879284195,2.6743787256861355,-98.15302726686215
65,Job_20240422_0938_Track11_Sphere_00066.jpg,116777.426148,253651.0513322494,41951.7816504017,392.0387491891,-137.1289467492,-93.702294163,160.2207474323,-0.0801016488,-0.0577739521,-0.995110997,-0.9958238092,-0.0392316988,0.0824367328,-0.0438025907,0.9975585418,-0.0543901532,-3.1208631235275988,2.5105068219549618,-94.5988319562146
66,Job_20240422_0938_Track11_Sphere_00067.jpg,116777.869355,253654.0210778231,41951.4813883491,392.0336969309,-162.5590435626,-96.2711373882,134.6617655561,-0.0303211099,-0.0500748031,-0.9982851018,-0.9985544527,-0.0428277116,0.0324775643,-0.044380574,0.9978267892,-0.0487038338,-2.7943840180256556,2.5436550623244876,-91.73925215388341
67,Job_20240422_0938_Track11_Sphere_00068.jpg,116778.326172,253657.0766881916,41951.3154633762,391.998624322,184.0664910085,-96.5039408047,81.3672400598,0.0158364962,-0.0525541501,-0.9984924971,-0.9989935389,-0.042744529,-0.013594649,-0.0419656363,0.9977028448,-0.05317818,-3.0510134788902046,2.405160158324231,-89.09179753015738
68,Job_20240422_0938_Track11_Sphere_00069.jpg,116778.772926,253660.084246007,41951.2895122794,391.9853866836,150.8566491228,-95.1514240827,48.0032874837,0.055462816,-0.0520884409,-0.9971011335,-0.9975217967,-0.0461897531,-0.0530732679,-0.0432913514,0.9975737071,-0.054521169,-3.128318321889878,2.4811871532209,-86.81759665374406
69,Job_20240422_0938_Track11_Sphere_00070.jpg,116779.22748,253663.1074675359,41951.3662095703,391.9690250345,148.8391180103,-94.0226741558,46.3250831347,0.0700081914,-0.0623587504,-0.9955954195,-0.9968526572,-0.0415890972,-0.06749168,-0.0371972178,0.9971869099,-0.0650740636,-3.733693259473754,2.1317353735595743,-85.9827575792746
70,Job_20240422_0938_Track11_Sphere_00071.jpg,116779.682303,253666.1099178069,41951.4957343554,391.9897429207,152.4051050178,-93.7627647663,51.0457497947,0.0680220179,-0.0702942889,-0.9952043599,-0.9975046786,-0.0236941815,-0.0665056527,-0.0189055852,0.9972448539,-0.0717306081,-4.1141302566828415,1.083274776162231,-86.09891535574003
71,Job_20240422_0938_Track11_Sphere_00072.jpg,116780.142051,253669.0932210202,41951.5572116878,392.0322830305,190.87121554,-95.6512075743,90.2241345386,0.0104404132,-0.0674543689,-0.9976677332,-0.999897365,-0.0104935173,-0.0097542576,-0.0098110763,0.9976671761,-0.0675570024,-3.873868212394345,0.562142285505483,-89.4017687233672
72,Job_20240422_0938_Track11_Sphere_00073.jpg,116780.606938,253672.0547086976,41951.3828352215,392.0607602196,-138.4000272833,-93.5317761005,160.867542452,-0.082861686,-0.0584941096,-0.9948428922,-0.9964641882,-0.0090554363,0.0835291612,-0.0138947003,0.998246682,-0.0575369367,-3.2987640692084406,0.7961333054913888,-94.75353459897907
73,Job_20240422_0938_Track11_Sphere_00074.jpg,116781.085576,253675.0654165863,41950.9091327209,392.0573721025,-111.1348935503,-87.449058107,188.2885268905,-0.1925699603,-0.0358309407,-0.9806288564,-0.9812052661,-0.0055673157,0.1928865749,-0.0123707778,0.9993423581,-0.03408541,-1.9534780327166223,0.7088114388807976,-101.10366273986041
74,Job_20240422_0938_Track11_Sphere_00075.jpg,116781.560933,253677.9078908964,41950.1221724711,391.9786488712,-106.0282276378,-79.0747850296,194.0272236405,-0.3213861469,-0.0302412793,-0.9464652184,-0.9469390524,0.005863835,0.321359684,-0.0041684121,0.9995254276,-0.0305212037,-1.7490229747094375,0.23883311319003064,-108.74694284342594
75,Job_20240422_0938_Track11_Sphere_00076.jpg,116782.022039,253680.581906916,41948.9451187458,391.8883732399,-103.7535124258,-69.8279927,196.5535914413,-0.4557276164,-0.0246954269,-0.8897766436,-0.8901177332,0.010777738,0.4556031842,-0.0016615356,0.9996369222,-0.0268935503,-1.5410748594917545,0.09519902358797266,-117.11180061988887
76,Job_20240422_0938_Track11_Sphere_00077.jpg,116782.460819,253683.0701437901,41947.403016042,391.784960621,-102.3006758347,-62.5260778336,197.2420226773,-0.5547086421,-0.0240462477,-0.8316971206,-0.8319390214,0.0001009991,0.5548670601,-0.0132584701,0.9997108421,-0.0200610368,-1.1495909123663357,0.7596766352625723,-123.69400698446088
77,Job_20240422_0938_Track11_Sphere_00078.jpg,116782.881258,253685.3969383384,41945.5815427303,391.6533721657,-101.1860930889,-56.3470614434,197.6207055315,-0.6327717994,-0.0236601483,-0.7739767744,-0.7739981707,-0.0102977356,0.6331040896,-0.0229495448,0.9996670216,-0.0117967948,-0.6761003095510237,1.3150275095702377,-129.2672540055568
78,Job_20240422_0938_Track11_Sphere_00079.jpg,116783.281165,253687.5131463663,41943.5600077957,391.4911735617,-101.488236638,-50.5937244213,196.6460497226,-0.6995096107,-0.0368869077,-0.7136705547,-0.713716547,-0.0142285609,0.7002901104,-0.0359860416,0.9992181464,-0.0163737813,-0.9387986085141878,2.0622935773625932,-134.4240341040837
79,Job_20240422_0938_Track11_Sphere_00080.jpg,116783.663875,253689.4744056573,41941.3747612936,391.3442040477,-100.7191071732,-45.4339824565,197.2679049041,-0.7552650169,-0.0324326021,-0.6546165905,-0.6544567423,-0.016797813,0.7559128296,-0.0355123471,0.9993327573,-0.0085389346,-0.48955966145445023,2.0351355217489138,-139.09022104263792
80,Job_20240422_0938_Track11_Sphere_00081.jpg,116784.040946,253691.2877454991,41938.9940346945,391.174172895,-100.75109781,-40.6488119299,197.3646409156,-0.8022967471,-0.0332309595,-0.5959996921,-0.5959359055,-0.0128754786,0.8029287755,-0.0343558749,0.9993647609,-0.0094735673,-0.5431241815287692,1.9688340743938155,-143.3955006941963
81,Job_20240422_0938_Track11_Sphere_00082.jpg,116784.394757,253692.9123938477,41936.5632845517,391.0215469021,-100.2835459789,-37.573273027,198.05735841,-0.8304428287,-0.0253487838,-0.5565268614,-0.5563981457,-0.0125277399,0.8308213763,-0.0280323352,0.9996001675,-0.0037004446,-0.21210369379195337,1.6063449233471203,-146.1778457143328
82,Job_20240422_0938_Track11_Sphere_00083.jpg,116784.742664,253694.4454652062,41934.0261563612,390.850469579,-100.0632723237,-34.8829277467,198.4169421082,-0.8533356821,-0.0212239448,-0.5209297053,-0.5207931102,-0.0119588453,0.8535991579,-0.0243464592,0.9997032211,-0.0008483748,-0.04862271654250251,1.3950872037101367,-148.60416865343555
83,Job_20240422_0938_Track11_Sphere_00084.jpg,116785.0852,253695.8745678368,41931.3967729202,390.6695643626,-100.0830367106,-32.2925459161,198.193977448,-0.8737319264,-0.0247934966,-0.4857754659,-0.4856165885,-0.0124752605,0.874082889,-0.0277317467,0.999614751,-0.0011400998,-0.0653480550998256,1.589115770914052,-150.93487576420628
84,Job_20240422_0938_Track11_Sphere_00085.jpg,116785.416391,253697.1806911858,41928.7520790426,390.4873479763,-100.0353383574,-29.7548388482,198.1181315894,-0.8923582036,-0.0263860799,-0.4505558915,-0.4503753921,-0.0127617836,0.8927480849,-0.029306019,0.9995703635,-0.0004955588,-0.028405630487676827,1.6793516474926349,-153.21980902999496
85,Job_20240422_0938_Track11_Sphere_00086.jpg,116785.746235,253698.3973952347,41926.0375211937,390.3085701093,-100.3756148592,-27.1401821245,198.2611627664,-0.910155315,-0.0248657942,-0.4135202472,-0.4135199452,-0.0053952127,0.9104790753,-0.024870815,0.9996762396,-0.0053720204,-0.30789081449161915,1.4251396825470388,-155.56580302977332
86,Job_20240422_0938_Track11_Sphere_00087.jpg,116786.077311,253699.5197333713,41923.2244680803,390.1406691168,-100.2224190354,-25.0835522294,198.1790030923,-0.9229987633,-0.0264088003,-0.3838956346,-0.383836174,-0.0074871312,0.9233708542,-0.0272593935,0.9996231881,-0.0032260401,-0.18490751495614902,1.562041692847374,-157.41963855261469
87,Job_20240422_0938_Track11_Sphere_00088.jpg,116786.397644,253700.5264308035,41920.456595581,389.9716036757,-100.1630124856,-23.1190211909,198.1650106342,-0.9343932561,-0.0269403616,-0.3552231129,-0.355148192,-0.0076779527,0.9347784822,-0.0279106566,0.999607556,-0.0023935935,-0.13719638699962472,1.5993705245314604,-159.1889893080924
88,Job_20240422_0938_Track11_Sphere_00089.jpg,116786.719103,253701.4625801163,41917.6330334479,389.8076796392,-99.8980948348,-21.312691245,198.1784117179,-0.9440963426,-0.0270212205,-0.32856042,-0.3283797115,-0.0110000163,0.944481744,-0.0291352195,0.999574336,0.0015118546,0.08665970717834842,1.6695613717328142,-160.8210799520163
89,Job_20240422_0938_Track11_Sphere_00090.jpg,116787.047412,253702.3344337005,41914.7275399081,389.6236743145,-100.1362405184,-19.3796585567,198.255774404,-0.9536644191,-0.0261352585,-0.2997350898,-0.2996805372,-0.006071909,0.9540202868,-0.026753531,0.9996399753,-0.0020416648,-0.11702074287782516,1.5330473317764526,-162.55513905835366
90,Job_20240422_0938_Track11_Sphere_00091.jpg,116787.364775,253703.105499983,41911.8807768403,389.4552879892,-99.9656728498,-17.5704089739,198.5602256844,-0.9619083889,-0.0217581549,-0.2725047414,-0.2724228207,-0.0067014914,0.9621542999,-0.0227608905,0.9997408028,0.0005188029,0.02973292055396031,1.3042155893152503,-164.18730648742925
91,Job_20240422_0938_Track11_Sphere_00092.jpg,116787.688615,253703.8088918044,41908.9584166016,389.2798336707,-99.7795125721,-15.7115692141,199.0213395207,-0.9695853673,-0.0149063802,-0.2442990286,-0.2442154576,-0.0072183729,0.9696941298,-0.0162180708,0.9998628381,0.0033584602,0.19245127079610516,0.9292677504191355,-165.86262750049332
92,Job_20240422_0938_Track11_Sphere_00093.jpg,116788.021224,253704.4196342161,41905.9892935604,389.0981474165,-100.1280127137,-14.0473117207,198.8185727216,-0.9755863583,-0.0181068311,-0.2188684539,-0.2188676385,-0.0020510078,0.9757524021,-0.0181166848,0.9998339542,-0.0019620641,-0.11243651842102528,1.038066369603006,-167.3553577338805
93,Job_20240422_0938_Track11_Sphere_00094.jpg,116788.352242,253704.9389131517,41903.0738593517,388.9367269492,-99.8302592147,-12.5741225195,198.3543263283,-0.9802298677,-0.0253447657,-0.1962321314,-0.1960969573,-0.0077374413,0.9805539839,-0.0263702456,0.9996488258,0.0026144397,0.14984863934180917,1.511078943745841,-168.68720209922736
94,Job_20240422_0938_Track11_Sphere_00095.jpg,116788.705291,253705.4012822742,41900.0734578324,388.7716192603,-100.6055499188,-10.334961071,198.388309684,-0.9865353552,-0.0249808334,-0.1616290534,-0.16181073,0.0054175253,0.9868069406,-0.0237756303,0.9996732508,-0.0093867472,-0.5379809761590844,1.3623716476705592,-170.6853303769906
95,Job_20240422_0938_Track11_Sphere_00096.jpg,116789.076828,253705.7512982714,41897.014880551,388.6208806569,-99.7906122058,-7.9592602368,198.3022016693,-0.9918418838,-0.0264576582,-0.1246983153,-0.1245655938,-0.0066130417,0.992189337,-0.0270756415,0.9996280608,0.0032633778,0.18704668302338862,1.5515095921310589,-172.84169187005008
96,Job_20240422_0938_Track11_Sphere_00097.jpg,116789.455684,253705.9911898912,41894.0350032346,388.4583420129,-100.044771375,-4.9715187274,198.928170639,-0.9968110407,-0.016784152,-0.0780130842,-0.0780138483,-0.0006102185,0.9969520887,-0.0167806004,0.99985895,-0.0007011237,-0.04017709125475641,0.9615027102931031,-175.52495784753125
97,Job_20240422_0938_Track11_Sphere_00098.jpg,116789.842124,253706.0843961011,41891.042827799,388.2936934242,-99.8220748132,-2.1963162749,199.2774377602,-0.9993405739,-0.0113429837,-0.034492812,-0.034458735,-0.0031861415,0.9994010427,-0.0114460887,0.9999305902,0.0027931756,0.16004786481556807,0.6558268977565908,-178.02513956543356
98,Job_20240422_0938_Track11_Sphere_00099.jpg,116790.236782,253706.0472758326,41887.991560936,388.1154792607,-99.8963994822,0.1627688554,199.4046903748,-0.9999530104,-0.0093509349,0.0025567644,0.0025718666,-0.0016033731,0.9999954073,-0.0093467925,0.9999549936,0.0016273471,0.0932442343793746,0.5355395594182091,179.8526363008861
99,Job_20240422_0938_Track11_Sphere_00100.jpg,116790.622396,253705.9000803939,41885.0071447464,387.9414920751,-100.1279013558,1.6790047442,199.2494846046,-0.9995827669,-0.0117846954,0.0263706875,0.0263451173,0.0023198068,0.9996502155,-0.0118417482,0.9999278671,-0.0020083698,-0.11507925718000056,0.6784980535085212,178.49025542336952
100,Job_20240422_0938_Track11_Sphere_00101.jpg,116791.00037,253705.6966634621,41882.0783479093,387.7790069804,-99.9871945769,2.9618516867,199.1365852295,-0.9988260537,-0.0135473965,0.0465078752,0.0465063249,0.0004296145,0.9989179031,-0.0135527174,0.9999081375,0.0002009295,0.011513467408417136,0.7765372800488378,177.33417738934918
101,Job_20240422_0938_Track11_Sphere_00102.jpg,116791.383088,253705.4241847536,41879.1093885554,387.6079584286,-99.8512951877,4.239780659,198.7627733021,-0.9975947299,-0.019390008,0.0665490988,0.0665817428,-0.0010421555,0.9977804295,-0.019277616,0.999811453,0.0023306694,0.13356246012275153,1.1045944573904782,176.1816122572744
102,Job_20240422_0938_Track11_Sphere_00103.jpg,116791.765351,253705.0929925868,41876.1399737028,387.4312943704,-99.8249227818,5.6197667671,198.4961208352,-0.9958283629,-0.0235287094,0.0881604875,0.0882005161,-0.0006669328,0.9961025169,-0.0233782096,0.9997229391,0.0027393949,0.15699887303429258,1.3395947826663834,174.9385205207719
103,Job_20240422_0938_Track11_Sphere_00104.jpg,116792.148143,253704.6950482514,41873.1634289958,387.2517010365,-99.9442434914,6.9480044369,198.2606941806,-0.9936792752,-0.0271550205,0.1089224625,0.1089056969,0.0020999998,0.9940498676,-0.0272221817,0.9996290286,0.0008706102,0.04990078689610032,1.5599088221592634,173.74543521885744
104,Job_20240422_0938_Track11_Sphere_00105.jpg,116792.528856,253704.2369761682,41870.209632582,387.0750669492,-99.9583170278,8.5029166438,198.1377543443,-0.9906696459,-0.0289874225,0.1331667452,0.1331288965,0.0032403743,0.991093435,-0.0291607543,0.9995745241,0.0006489231,0.03719637433764638,1.6710250303307945,172.34628872518056
105,Job_20240422_0938_Track11_Sphere_00106.jpg,116792.915592,253703.7053295463,41867.250117748,386.9003700754,-99.9286522992,10.1250639914,198.0764012231,-0.9869284172,-0.0298299291,0.1583744763,0.1583359433,0.0036644681,0.9873784992,-0.0300337888,0.9995482715,0.0011065823,0.06343112145521887,1.721068151724672,170.8855317032516
106,Job_20240422_0938_Track11_Sphere_00107.jpg,116793.305229,253703.0954960847,41864.3174625849,386.7261452544,-100.0168296974,12.1950752289,198.100857764,-0.9812716673,-0.029281646,0.1903903887,0.1902977863,0.0059430607,0.9817084254,-0.0298775402,0.999553533,-0.0002595247,-0.014876311956736563,1.7121117461559356,169.02487638740135
107,Job_20240422_0938_Track11_Sphere_00108.jpg,116793.693559,253702.3876854169,41861.4140592059,386.5556993624,-99.9001677172,14.3734281846,198.0319548304,-0.9741547234,-0.0301245979,0.2238639845,0.2238052178,0.0053520043,0.9746191977,-0.0305581324,0.9995318227,0.0015283619,0.08760963380372722,1.751124623769523,167.0612220742514
108,Job_20240422_0938_Track11_Sphere_00109.jpg,116794.087641,253701.5605234688,41858.4937033672,386.373939231,-99.9185706532,16.4929759185,197.53740045,-0.9659052663,-0.0373822036,0.2561827227,0.2560403362,0.0086291572,0.9666275828,-0.0383453101,0.9992637832,0.0012364036,0.07089286239768178,2.197563192312305,165.1535916566022
109,Job_20240422_0938_Track11_Sphere_00110.jpg,116794.477942,253700.6507974277,41855.6290073264,386.1925149988,-100.4059631465,18.6423481001,197.4370321892,-0.9566540461,-0.0385347604,0.2886660845,0.2881696637,0.0179896778,0.9574103699,-0.0420865891,0.9990953126,-0.0061053491,-0.3501231330081565,2.412096369331971,163.23630041176798
110,Job_20240422_0938_Track11_Sphere_00111.jpg,116794.871843,253699.6209982716,41852.7562132226,386.0127217285,-100.0234501604,20.5780206947,196.6056974589,-0.9468641734,-0.0505323989,0.3176392826,0.3171682508,0.0172955645,0.9482115609,-0.0534091556,0.9985726514,-0.0003492778,-0.0200407470973841,3.061575923249736,161.48085056344473
111,Job_20240422_0938_Track11_Sphere_00112.jpg,116795.257836,253698.5346677816,41849.9720017621,385.8345233845,-99.9936967544,22.7359091139,197.0245588419,-0.9358791853,-0.0437731121,0.349591283,0.3492141441,0.0162343883,0.9369023035,-0.0466865302,0.9989095851,9.27638e-05,0.0053207746435317985,2.675913827017791,159.5374332969984
112,Job_20240422_0938_Track11_Sphere_00113.jpg,116795.641804,253697.3653200462,41847.2305302611,385.6632108511,-100.0575242374,24.7278398287,197.0747241474,-0.9245301956,-0.0425122031,0.3787302866,0.3782888689,0.0182992085,0.9255067102,-0.0462757937,0.9989283516,-0.0008362775,-0.04796656608357295,2.6523548975991655,157.74715564692445
113,Job_20240422_0938_Track11_Sphere_00114.jpg,116796.026124,253696.1246837648,41844.496126825,385.4973067027,-99.4922712404,26.5364572448,197.9234608682,-0.9138890744,-0.0298199934,0.4048672964,0.4048991614,0.0052322232,0.9143463747,-0.0293841589,0.9995415908,0.0072924187,0.4180090205151852,1.6838306585760134,156.10423082455185
114,Job_20240422_0938_Track11_Sphere_00115.jpg,116796.416987,253694.7721352228,41841.8130653221,385.2963305553,-101.5252720812,28.5388590088,198.6970769672,-0.9010019921,-0.0184427226,0.4334227453,0.4327173398,0.0328189893,0.9009320828,-0.0308401369,0.9992911387,-0.0215894889,-1.2376715253009503,1.7672899080333104,154.34677833446025
115,Job_20240422_0938_Track11_Sphere_00116.jpg,116796.793524,253693.3523156317,41839.203204873,385.1783726299,-99.5898601947,29.8965328253,196.4993164407,-0.8903953358,-0.0490110097,0.4525417848,0.452202475,0.0184389093,0.8917246931,-0.0520487045,0.9986280226,0.005744981,0.32961175548054306,2.983519225004505,153.07548455926894
116,Job_20240422_0938_Track11_Sphere_00117.jpg,116797.178686,253691.8951809624,41836.6137733562,385.0064343568,-100.5300178207,31.7050998756,197.432741641,-0.8778146451,-0.0354183059,0.4776892217,0.4769486765,0.0275762343,0.8784984413,-0.0442877964,0.9989920395,-0.0073141082,-0.4194828633346272,2.538334064040587,151.48315507162872
117,Job_20240422_0938_Track11_Sphere_00118.jpg,116797.580468,253690.2984116959,41834.0134849474,384.8486338211,-100.4790777488,33.7910611049,197.0257585643,-0.8614670506,-0.0402764242,0.50621372,0.5052956016,0.0311577197,0.8623836452,-0.0505061947,0.9987026615,-0.0064898489,-0.3723187426060494,2.8950234926265592,149.60614140353846
118,Job_20240422_0938_Track11_Sphere_00119.jpg,116797.992673,253688.6408436794,41831.4780444913,384.6958941789,-100.4931792477,35.8677915856,197.3017161372,-0.8446795884,-0.0358228129,0.5340722039,0.5332483028,0.0303687575,0.8454135001,-0.0465041989,0.9988966236,-0.0065494154,-0.3756629818354027,2.665455650814472,147.7356814256934
119,Job_20240422_0938_Track11_Sphere_00120.jpg,116798.407675,253686.9556271933,41829.0522520728,384.5504864687,-100.7834363925,37.8964305734,198.0904614114,-0.8276214688,-0.024831922,0.5607370864,0.5600733593,0.0291158364,0.8279312171,-0.0368854527,0.9992675536,-0.0101891933,-0.5842054398090678,2.113860280913735,145.91274752273773
120,Job_20240422_0938_Track11_Sphere_00121.jpg,116798.846662,253685.1127587854,41826.6075185789,384.4097130522,-100.6395467348,40.6538921352,198.4194485294,-0.8026896493,-0.0199326678,0.5960637681,0.5956006206,0.0248390657,0.8028965821,-0.0308095379,0.9994927261,-0.0080661516,-0.46238096695580283,1.7655358813365287,143.42435936830017
121,Job_20240422_0938_Track11_Sphere_00122.jpg,116799.285723,253683.1944281501,41824.2826008601,384.2634837264,-100.3834565695,43.2283335284,198.5355080365,-0.7779769677,-0.0178998845,0.6280377631,0.6277216558,0.0204676528,0.7781687465,-0.0267835896,0.9996302663,-0.0046872174,-0.26865513672544755,1.5347701762369963,141.1011874588917
122,Job_20240422_0938_Track11_Sphere_00123.jpg,116799.743574,253681.1541744725,41822.0149495956,384.1055453625,-100.1023435235,45.362083061,198.1762662397,-0.756389419,-0.0216743252,0.6537623961,0.653447265,0.0203327871,0.7566989161,-0.02969375,0.9995583032,-0.0012164765,-0.06972973501209773,1.701576667022914,139.17615915681012
123,Job_20240422_0938_Track11_Sphere_00124.jpg,116800.222934,253679.0592364545,41819.8146701502,383.9429586809,-100.2090072763,47.1724519005,198.4897768282,-0.737597688,-0.0175009664,0.6750136049,0.6747421667,0.0192935914,0.7378013051,-0.0259356725,0.9996606792,-0.0024222684,-0.13883259291905878,1.4861712215108691,137.5482402295365
124,Job_20240422_0938_Track11_Sphere_00125.jpg,116800.733715,253676.8768929396,41817.6467001522,383.775166207,-100.2271495518,48.4345272986,198.2414499774,-0.7240029696,-0.0200043955,0.6895067252,0.6891407442,0.0226105539,0.7242746699,-0.0300788059,0.9995441896,-0.0025842641,-0.14813461971427408,1.7236486059793699,136.41319901517164
125,Job_20240422_0938_Track11_Sphere_00126.jpg,116801.290923,253674.6215752568,41815.4858007822,383.6077458514,-99.9773601829,49.3358309057,197.9563701705,-0.714077147,-0.0229306549,0.69969137,0.699342258,0.0221016751,0.7144451849,-0.0318470474,0.9994927218,0.0002540749,0.014564806190255507,1.8250099911383313,135.59728652764036
126,Job_20240422_0938_Track11_Sphere_00127.jpg,116801.920131,253672.3256879696,41813.3439249424,383.4334127717,-100.3283676615,50.4951806573,198.0311219384,-0.7012498714,-0.0216945171,0.7125854095,0.7120756788,0.0271898664,0.7015760392,-0.0345954554,0.9993948464,-0.0036187523,-0.20746387511865627,1.9825691922443025,134.5611337053257
127,Job_20240422_0938_Track11_Sphere_00128.jpg,116802.602747,253670.0139627644,41811.2816190338,383.2703427216,-100.5675880169,51.8689557871,197.9284304575,-0.6856830095,-0.0223200985,0.7275579865,0.7268538668,0.0325805327,0.6860189248,-0.0390162368,0.9992198567,-0.0061164679,-0.35071702714550324,2.2360332496328903,133.33048697530103
128,Job_20240422_0938_Track11_Sphere_00129.jpg,116803.394239,253667.5800109282,41809.2033168171,383.1052480247,-100.7202219919,53.509641305,197.960797539,-0.6667277606,-0.0213637423,0.7449950897,0.7442029656,0.0351650408,0.6670272602,-0.0404479812,0.9991531466,-0.0075465485,-0.43274362741408173,2.3181309972177586,131.85700455706765
129,Job_20240422_0938_Track11_Sphere_00130.jpg,116804.183226,253665.3288137029,41807.3677212754,382.9635488763,-101.1610958366,54.9595180404,198.5239410012,-0.649756762,-0.0150678828,0.7599928349,0.7592393855,0.0358491317,0.6498233569,-0.0370365454,0.9992436133,-0.0118530856,-0.6796139793752141,2.1225231749876063,130.55689828139694
130,Job_20240422_0938_Track11_Sphere_00131.jpg,116804.916208,253663.065889394,41805.5771906413,382.8297769995,-101.5727843341,55.2449644309,199.3529516999,-0.646483894,-0.0065709663,0.7628993362,0.7623760686,0.0324529145,0.6463199969,-0.0290052539,0.999451665,-0.0159707391,-0.9154800614748712,1.6621117444424218,130.29746315436282
131,Job_20240422_0938_Track11_Sphere_00132.jpg,116805.597801,253660.7888593492,41803.7907783994,382.705211347,-99.9519266683,54.7164848527,198.0620375229,-0.6525255649,-0.0198699581,0.757506153,0.7571779646,0.0223012286,0.6528278372,-0.0298649797,0.9995538204,0.0004929727,0.028257859404489497,1.711391758616323,130.75431163369595
132,Job_20240422_0938_Track11_Sphere_00133.jpg,116806.250226,253658.5188086402,41801.9722531522,382.5225638282,-101.6477608798,53.5024924719,198.6946944621,-0.6670133713,-0.0136781532,0.7449201773,0.7439835451,0.0411420655,0.6669301426,-0.0397699274,0.9990596772,-0.0172659869,-0.9901007231694218,2.2792500898998513,131.87759805487062
133,Job_20240422_0938_Track11_Sphere_00134.jpg,116806.856617,253656.2639850183,41800.0778013598,382.3800307382,-101.088313176,52.7958542774,198.8348038165,-0.6752677129,-0.0123607099,0.7374691375,0.7369250186,0.0305865553,0.6752821481,-0.0309036073,0.9994556896,-0.0115451969,-0.6618218703440629,1.7709282298507547,132.50001459772471
134,Job_20240422_0938_Track11_Sphere_00135.jpg,116807.406084,253654.0415462839,41798.1708733812,382.2237116685,-101.6528690478,52.2609191089,199.3486891924,-0.681518013,-0.0069726948,0.7317681187,0.7312176221,0.0334428257,0.6813239806,-0.0292230578,0.9994163091,-0.0176933309,-1.0142392957240183,1.6745962820515614,132.98518284829382
135,Job_20240422_0938_Track11_Sphere_00136.jpg,116807.933065,253651.7918441139,41796.2247441765,382.0924689723,-101.5964897809,51.9762855072,199.1823579219,-0.6847621224,-0.0087952203,0.7287135787,0.7281023275,0.0344289331,0.6846032787,-0.0311100677,0.9993684469,-0.017171809,-0.9843970698689016,1.7827632293552111,133.24297908496203
136,Job_20240422_0938_Track11_Sphere_00137.jpg,116808.470149,253649.5196778922,41794.2469315324,381.9660524298,-101.7757587499,51.2862908416,199.0179417911,-0.6925939087,-0.0106848942,0.7212485776,0.720452014,0.0390079262,0.6924068726,-0.0355327054,0.9991817726,-0.0193186985,-1.1076483036632163,2.036302706273471,133.870563873066
137,Job_20240422_0938_Track11_Sphere_00138.jpg,116809.032566,253647.240409522,41792.1665713117,381.8518382637,-101.483205557,48.224997189,198.5849284737,-0.7263652429,-0.0161482274,0.6871191809,0.6862452325,0.0385580843,0.7263475443,-0.0382232246,0.9991258724,-0.0169256082,-0.9705215215183859,2.1905630788651105,136.6268387756567
138,Job_20240422_0938_Track11_Sphere_00139.jpg,116809.617105,253645.1608115151,41789.9613154531,381.7410964966,-101.4013562729,39.3534709147,197.6604733847,-0.8143942857,-0.029941817,0.5795389849,0.5781986948,0.0432834552,0.8147470846,-0.0494794578,0.9986140546,-0.0179374791,-1.0290575525430061,2.8361221503480567,144.62624203941417
139,Job_20240422_0938_Track11_Sphere_00140.jpg,116810.248732,253643.5368942057,41787.3552036704,381.641399635,-101.2484547646,22.9651060786,197.3836457257,-0.9348475937,-0.0384416347,0.3529620622,0.3517905407,0.0340918877,0.9354577268,-0.0479936672,0.9986791196,-0.0183473157,-1.052495730422563,2.7508913291102775,159.37828440507505
140,Job_20240422_0938_Track11_Sphere_00141.jpg,116810.919989,253642.7546155142,41784.3616323629,381.5517778415,-100.3992029344,0.8661266718,197.4940581503,-0.9991328915,-0.0393494359,0.0136046662,0.013347092,0.0068011415,0.9998877935,-0.0394375479,0.9992023651,-0.0062700436,-0.3595290936164345,2.260191196876344,179.23464980297211
141,Job_20240422_0938_Track11_Sphere_00142.jpg,116811.630167,253643.0732825545,41781.3192127608,381.4167392766,-101.0429259316,-24.6146893491,195.9588995862,-0.9243134271,-0.0587519984,-0.3770847267,-0.3773139323,-0.0075685813,0.9260544871,-0.0572615482,0.9982439177,-0.0151722062,-0.87076559050606,3.282640608513717,-157.7942289463037
142,Job_20240422_0938_Track11_Sphere_00143.jpg,116812.405816,253644.6540648484,41778.5956545388,381.3129940005,-100.854687359,-51.433131364,195.7049947181,-0.6894388581,-0.0465842335,-0.7228443609,-0.7220399708,-0.0353314311,0.690948602,-0.0577264367,0.9982893364,-0.0092768171,-0.5324179557320048,3.3093208913351266,-133.6768670768332
143,Job_20240422_0938_Track11_Sphere_00144.jpg,116813.102818,253646.9090655847,41776.851232308,381.1951657366,-105.2196865802,-74.0995358575,190.4412761443,-0.3912603055,-0.0591924754,-0.9183744466,-0.9172421253,-0.0559357759,0.3943831544,-0.0747145024,0.9966782027,-0.0324083832,-1.8623960657142833,4.2848184709180615,-113.10123584772734
144,Job_20240422_0938_Track11_Sphere_00145.jpg,116813.707951,253649.5755401634,41775.8799610948,381.1282667741,-116.7521991217,-89.4326175566,178.0907362092,-0.1555421268,-0.0557483137,-0.9862549226,-0.9842270261,-0.0764405103,0.1595431271,-0.0842840899,0.9955144268,-0.0429792774,-2.4720916885582778,4.8348585122971155,-98.9804565860885
145,Job_20240422_0938_Track11_Sphere_00146.jpg,116814.2749,253652.4631021029,41775.5349846287,381.0879621012,184.423798752,-96.5182397554,79.8439985424,0.0170194818,-0.0519471,-0.9985048002,-0.9973007147,-0.0722214884,-0.0132416434,-0.0714256379,0.9960349168,-0.0530360522,-3.0479603694543775,4.095875249709287,-89.02231111224793
146,Job_20240422_0938_Track11_Sphere_00147.jpg,116814.821189,253655.4641458228,41775.6147911642,381.0685980972,126.1043456716,-90.4415312103,21.7201003986,0.1409589116,-0.0500493562,-0.9887495371,-0.9879064488,-0.0722654634,-0.1371807245,-0.0645866365,0.9961288896,-0.0596305429,-3.425767618637443,3.7031192867546565,-81.87959323466431
147,Job_20240422_0938_Track11_Sphere_00148.jpg,116815.337074,253658.4132549083,41776.0448234305,381.0707248878,115.7355389644,-84.916809856,12.1001645334,0.2304888594,-0.0443440578,-0.9720640361,-0.9717708625,-0.0621907394,-0.2275822988,-0.0503614586,0.9970786912,-0.0574265359,-3.2962967170803728,2.8867201573565855,-76.65690146128789
148,Job_20240422_0938_Track11_Sphere_00149.jpg,116815.826357,253661.2876030939,41776.6936138859,381.0643955749,113.0951989528,-81.7409298888,10.0686996474,0.2793658187,-0.0445562869,-0.9591503931,-0.9593808432,-0.0538204219,-0.2769327714,-0.0392827828,0.9975560633,-0.0577820343,-3.315073375692775,2.2513169303535663,-73.76476402035877
149,Job_20240422_0938_Track11_Sphere_00150.jpg,116816.286884,253664.1096282832,41777.4402528591,381.0583678754,113.0555356855,-80.2877728706,10.6286513399,0.3004778438,-0.0506374804,-0.9524436524,-0.9533610308,-0.0458494871,-0.2983296321,-0.028562392,0.9976641069,-0.0620525556,-3.5590890985434895,1.636727111532275,-72.50632677664211
150,Job_20240422_0938_Track11_Sphere_00151.jpg,116816.727272,253666.9509250468,41778.2169553395,381.0567769175,113.8211075364,-80.7627375044,11.8585665189,0.2924522754,-0.055115175,-0.9546905174,-0.9560443907,-0.0390169141,-0.2906145273,-0.0212318074,0.9977173938,-0.0641031392,-3.676189234013871,1.21658437127837,-72.99122182039962
151,Job_20240422_0938_Track11_Sphere_00152.jpg,116817.148164,253669.8196947106,41778.9798423825,381.0607241169,114.7645113066,-81.5926684909,13.4268984164,0.2788114514,-0.0596916252,-0.958488959,-0.9602748332,-0.0294672587,-0.2774958114,-0.0116798662,0.9977818351,-0.0655361746,-3.7578960303672915,0.6692222529931644,-73.80958403568955
152,Job_20240422_0938_Track11_Sphere_00153.jpg,116817.543966,253672.6636678546,41779.6747920383,381.0672380347,116.0741517327,-82.5255837062,14.9064560058,0.2636571068,-0.0628888716,-0.9625642419,-0.9645721722,-0.026751401,-0.2624593059,-0.0092441725,0.9976619429,-0.0677140525,-3.8828666008320125,0.5296596120245955,-74.71215769180546
153,Job_20240422_0938_Track11_Sphere_00154.jpg,116817.927258,253675.5454063034,41780.3355487473,381.0858557196,117.3315834327,-83.447072675,16.4286614957,0.2485796997,-0.0656116646,-0.966386694,-0.9685961498,-0.0224449686,-0.2476241548,-0.005443486,0.9975927691,-0.0691305692,-3.9641103531183206,0.3118903124180411,-75.60630009825614
154,Job_20240422_0938_Track11_Sphere_00155.jpg,116818.296027,253678.4308122344,41780.946848073,381.109429582,118.0729367718,-84.3179462847,17.2992957941,0.2349016625,-0.0654503595,-0.9698131054,-0.9720108803,-0.0199300252,-0.2340889632,-0.0040071928,0.9976567769,-0.0683000577,-3.916385469725957,0.22959585056295626,-76.41406264453083
155,Job_20240422_0938_Track11_Sphere_00156.jpg,116818.657601,253681.3506919171,41781.5201163143,381.1317706285,118.1490296808,-85.2652618166,17.2852064569,0.2209881212,-0.0615209452,-0.9733341788,-0.9752558674,-0.0204313856,-0.2201330317,-0.0063437738,0.9978966539,-0.0645137562,-3.6990093631986602,0.36347390019508624,-77.23266203424934
156,Job_20240422_0938_Track11_Sphere_00157.jpg,116819.018959,253684.320630554,41782.0624790164,381.1441647382,118.7418976563,-86.0083336402,17.869832295,0.2094828242,-0.0603961854,-0.9759453095,-0.9777873325,-0.0200750472,-0.2086358668,-0.0069913376,0.9979725914,-0.0632600026,-3.6270417461293194,0.4005774014662047,-77.9076538481963
157,Job_20240422_0938_Track11_Sphere_00158.jpg,116819.371686,253687.2425002987,41782.5620283289,381.1544943471,119.5636306932,-86.6197429401,18.5398207894,0.1998478127,-0.0599033806,-0.9779940883,-0.9797788859,-0.0221036922,-0.1988586473,-0.009704975,0.9979594239,-0.0631094421,-3.618479865858898,0.5560628386069215,-78.47138993990761
158,Job_20240422_0938_Track11_Sphere_00159.jpg,116819.729492,253690.202642178,41783.034160519,381.1608920163,119.5954447203,-87.3293502666,18.4406741299,0.1894816113,-0.0564747027,-0.9802588061,-0.981805888,-0.0235117948,-0.1884260961,-0.0124063361,0.9981271479,-0.0599022484,-3.43446656084101,0.7108489353835984,-79.07661580535299
159,Job_20240422_0938_Track11_Sphere_00160.jpg,116820.105891,253693.2569812952,41783.4944367148,381.1630088668,119.9794894593,-88.2352265353,18.796891911,0.1757989872,-0.0534694763,-0.9829729046,-0.9843328796,-0.0232878283,-0.1747754536,-0.0135461522,0.9982978975,-0.0567257402,-3.252189808629146,0.7761610896107524,-79.87390353477547
160,Job_20240422_0938_Track11_Sphere_00161.jpg,116820.494674,253696.2492133986,41783.9041222259,381.1683395356,121.8899482478,-89.0669834259,20.8382069893,0.1618190511,-0.054943982,-0.98528968,-0.9867496044,-0.0209726612,-0.1608892961,-0.011824248,0.9982691553,-0.0576097286,-3.3028540189786386,0.6774952953715208,-80.6868468899796
161,Job_20240422_0938_Track11_Sphere_00162.jpg,116820.915312,253699.2593954474,41784.2633623611,381.1732130265,125.4137572239,-90.2863960435,24.5257122036,0.1408494923,-0.0571161487,-0.9883820952,-0.9899828685,-0.0179715398,-0.14003908,-0.0097642552,0.998205775,-0.059075291,-3.3868983348021033,0.5594595058132474,-81.90260571643523
162,Job_20240422_0938_Track11_Sphere_00163.jpg,116821.413839,253702.4554417899,41784.5787010929,381.1883212663,127.0011317501,-91.5885662821,26.383348376,0.1205899448,-0.0530483192,-0.9912839861,-0.9926816407,-0.0129026484,-0.1200694878,-0.0064207042,0.9985085866,-0.0542160222,-3.107937187498312,0.36788177981903103,-83.073705346419
163,Job_20240422_0938_Track11_Sphere_00164.jpg,116822.047617,253705.793902228,41784.780090387,381.1896451833,130.2201707274,-92.9651287972,27.8728018894,0.0998768061,-0.046754942,-0.9939006988,-0.9944070817,-0.0391640304,-0.0980853433,-0.0343391826,0.9981383442,-0.0504050237,-2.890925841505752,1.9678771137057207,-84.26452962502033
164,Job_20240422_0938_Track11_Sphere_00165.jpg,116822.907338,253709.247178265,41785.020102568,381.2120575439,130.7038666343,-92.4281547136,29.9189962082,0.1057935488,-0.0537350556,-0.9929351786,-0.9943436203,-0.015162812,-0.1051230413,-0.009406897,0.9984400998,-0.0550352374,-3.155020557146939,0.5389834461880321,-83.92684206250831
165,Job_20240422_0938_Track11_Sphere_00166.jpg,116831.728418,253713.7818318935,41785.4493733821,381.2281783884,124.9368138558,-88.9535076732,24.5834588813,0.1599352741,-0.0650246536,-0.9849835037,-0.9871274743,-0.0107777599,-0.1595718938,-0.0002398086,0.9978254528,-0.065911366,-3.7791829014385843,0.013740020169775708,-80.79686041422195
166,Job_20240422_0938_Track11_Sphere_00167.jpg,116833.937733,253715.977646892,41785.7416766817,381.2429695213,121.3248042441,-87.7925215897,21.3293813188,0.1799846974,-0.0626647752,-0.9816713476,-0.9836525329,-0.0056197551,-0.1799892023,0.0057622304,0.9980188096,-0.0626518348,-3.5920979857793363,-0.3301533070677971,-79.63095747861318
167,Job_20240422_0938_Track11_Sphere_00168.jpg,116836.752315,253719.3312858945,41786.3824930461,381.2444889965,114.0128632703,-81.0685158002,13.1059560879,0.2868242421,-0.0598964673,-0.9561089202,-0.9579708724,-0.0230007842,-0.2859419026,-0.0048643451,0.9979395659,-0.0639762535,-3.6681178928022806,0.2787075446602604,-73.33187383244432
168,Job_20240422_0938_Track11_Sphere_00169.jpg,116838.622392,253721.3845859465,41786.9935314003,381.2352261348,111.6492249448,-72.3908941837,9.4284208479,0.4156154406,-0.0620072017,-0.9074243288,-0.9093580058,-0.0483096793,-0.4131999422,-0.0182160061,0.996905854,-0.0764649939,-4.386131223667101,1.0437580009020875,-65.43757536769934
169,Job_20240422_0938_Track11_Sphere_00170.jpg,116840.131355,253724.1760318814,41788.215771907,381.2777166106,110.1234230884,-72.3170523256,7.5991415273,0.4182701156,-0.0501661545,-0.9069363083,-0.90797833,-0.050583484,-0.4159527177,-0.0250092499,0.997459106,-0.0667073409,-3.8260878971854075,1.4330738835931407,-65.2663240353362
170,Job_20240422_0938_Track11_Sphere_00171.jpg,116841.150599,253726.4594106927,41789.0799579984,381.287292799,114.0868363165,-77.5097483176,11.7536312385,0.3400935908,-0.0635132821,-0.9382443245,-0.9401024455,-0.0477022951,-0.3375379726,-0.0233182631,0.9968402851,-0.0759322366,-4.355974990699756,1.3361591698344149,-70.11178791895279
171,Job_20240422_0938_Track11_Sphere_00172.jpg,116841.889576,253728.9685208934,41789.7996698227,381.3128805449,116.6579624032,-82.0850595687,14.6071449416,0.2704296247,-0.0631620025,-0.9606655919,-0.9624814437,-0.0408503125,-0.268254958,-0.0222999693,0.9971668935,-0.07183939,-4.120669031911628,1.2778000475788553,-74.30616313323532
172,Job_20240422_0938_Track11_Sphere_00173.jpg,116842.475701,253731.5877469649,41790.3854511892,381.3282361692,118.8492533741,-84.2983243126,17.1552760118,0.235337245,-0.0649983605,-0.9697378998,-0.9717453181,-0.0343117517,-0.2335246033,-0.0180946897,0.9972953007,-0.0712366857,-4.085691489251366,1.0368059325969503,-76.38622518052544
173,Job_20240422_0938_Track11_Sphere_00174.jpg,116842.992353,253734.3728745847,41790.9491762947,381.3446024815,119.5172047157,-84.7065870259,18.4038616187,0.2280516498,-0.0678268829,-0.9712836656,-0.9736057525,-0.02529213,-0.2268306568,-0.0091806163,0.9973764696,-0.0718045553,-4.117815340003576,0.5260179580139913,-76.81704310146618
174,Job_20240422_0938_Track11_Sphere_00175.jpg,116843.477688,253737.244085386,41791.5251433672,381.3667016309,118.2026284368,-84.7364927371,17.6816612528,0.2283675998,-0.065110379,-0.9713953253,-0.9735748862,-0.0157078168,-0.2278271393,-0.0004245884,0.9977544302,-0.0669769862,-3.840373904436393,0.024327123074091205,-76.79901423377063
175,Job_20240422_0938_Track11_Sphere_00176.jpg,116843.938073,253740.1189421759,41792.1119176578,381.3816084517,118.5230612663,-84.5336035246,18.5767111671,0.2303934307,-0.0692048038,-0.970633588,-0.9730567616,-0.0072502821,-0.2304516699,0.0089109953,0.9975761267,-0.0690106196,-3.957319839884021,-0.51056917735127,-76.6792256188864
176,Job_20240422_0938_Track11_Sphere_00177.jpg,116844.382365,253743.0296905122,41792.7076227544,381.4090029616,117.2418775443,-84.7603083788,18.0003445998,0.2276898253,-0.0661513458,-0.971484093,-0.9735436169,0.004247865,-0.2284617727,0.019239787,0.9978005588,-0.0634340248,-3.637618021633803,-1.1024266121368278,-76.83641945505083
177,Job_20240422_0938_Track11_Sphere_00178.jpg,116844.817773,253745.939839351,41793.2863916196,381.4279085118,117.9040181596,-85.673773277,19.3562629865,0.2129063811,-0.0668050402,-0.9747861096,-0.9766275657,0.0155577448,-0.2143747991,0.0294867906,0.997644748,-0.0619313006,-3.55222097069866,-1.6897135731097197,-77.70184057603647
178,Job_20240422_0938_Track11_Sphere_00179.jpg,116845.253104,253748.8774470085,41793.7937857183,381.4392227596,120.1021081544,-87.0673271904,21.4686844128,0.190387932,-0.0667542988,-0.9794367253,-0.9813239548,0.0149970183,-0.1917769151,0.027490564,0.9976567311,-0.0626523412,-3.5934272188216307,-1.5752917502817505,-79.02037454834904
179,Job_20240422_0938_Track11_Sphere_00180.jpg,116845.696315,253751.8685078413,41794.2285988703,381.4498841735,123.0282423527,-88.9380163905,24.2582889232,0.1604878031,-0.0642960328,-0.9849414628,-0.9867394641,0.0140825512,-0.1617000674,0.0242671614,0.9978314998,-0.0611833552,-3.508773430550089,-1.390542431024426,-80.76204451500622
180,Job_20240422_0938_Track11_Sphere_00181.jpg,116846.153004,253754.8889923385,41794.5771527011,381.4628843833,128.5885533144,-90.7444307216,30.006222514,0.1290777033,-0.0657842675,-0.9894500375,-0.9912843977,0.0179513218,-0.1305105089,0.0263474743,0.9976723812,-0.0628938026,-3.607183310312684,-1.5097737881686986,-82.5811104301581
181,Job_20240422_0938_Track11_Sphere_00182.jpg,116846.623502,253757.9103434561,41794.827695895,381.4817285538,133.068323363,-92.0515593366,34.3549576264,0.1068328251,-0.0639874232,-0.9922158823,-0.9939986792,0.0167368617,-0.108104131,0.0235238847,0.9978103463,-0.0618153679,-3.5450014135438583,-1.3479436516549996,-83.86552216664832
182,Job_20240422_0938_Track11_Sphere_00183.jpg,116847.128347,253761.0054104983,41795.049030222,381.5012856228,131.5681213746,-91.8984169767,32.7833560861,0.1104567205,-0.062506183,-0.9919134488,-0.9936276596,0.0155847665,-0.1116296962,0.0224362857,0.9979228889,-0.0603864301,-3.462866556439568,-1.2856123545518523,-83.65675252849552
183,Job_20240422_0938_Track11_Sphere_00184.jpg,116847.745992,253764.2757764966,41795.3039205102,381.5268255305,130.7002530484,-92.0691036914,32.0389745422,0.1088499062,-0.0599275509,-0.9922501633,-0.9937641787,0.0177156164,-0.1100859391,0.024175504,0.9980455128,-0.0576255103,-3.3044954681818366,-1.3852893097172847,-83.74914382846164
184,Job_20240422_0938_Track11_Sphere_00185.jpg,116848.706986,253767.9991767118,41795.534955496,381.5453354958,146.1573619708,-94.14971085,47.7767603601,0.0671150179,-0.0625837614,-0.9957805216,-0.9973667115,0.0232808771,-0.0686851049,0.0274812162,0.9977681462,-0.0608564638,-3.490294218397445,-1.5747559579723005,-86.15024380639903
185,Job_20240422_0938_Track11_Sphere_00186.jpg,116850.206523,253771.3355781884,41795.6028156411,381.5664545633,153.0573240933,-94.3803803852,54.0562651441,0.058241586,-0.0661799308,-0.9961064875,-0.9981474552,0.013725524,-0.0592728245,0.017594755,0.9977132989,-0.0652579333,-3.7422431961823834,-1.008157221617736,-86.66059595932273
186,Job_20240422_0938_Track11_Sphere_00187.jpg,116851.186297,253773.7300292427,41795.6881289175,381.5748926299,143.4584896737,-92.5851438328,44.5971540143,0.0888419183,-0.0749111124,-0.9932247675,-0.9958211064,0.0144963902,-0.0901675039,0.0211527218,0.9970848409,-0.0733101797,-4.20507796900144,-1.2120520812651743,-84.90186929945911
187,Job_20240422_0938_Track11_Sphere_00188.jpg,116851.896708,253776.345853181,41795.8413825817,381.59631023,146.2813840993,-93.0698133099,47.6853528546,0.0795648574,-0.0739797607,-0.9940806951,-0.9965178315,0.0190400652,-0.0811768894,0.0249328081,0.9970779663,-0.0722072306,-4.142063041377876,-1.4286927258676612,-85.43502369925525
188,Job_20240422_0938_Track11_Sphere_00189.jpg,116852.494643,253779.1224554978,41795.9001861643,381.6173235858,-192.4170435648,-95.0272624519,109.5414646284,-0.0116514898,-0.0771573879,-0.9969508415,-0.9994727174,0.0311175959,0.0092726676,0.0303072586,0.996533207,-0.0774792705,-4.445735068075958,-1.7367439510928853,-90.6679031244791
189,Job_20240422_0938_Track11_Sphere_00190.jpg,116853.02269,253781.969980204,41795.6374656176,381.6593228057,-134.6582939135,-91.362515979,167.0098790805,-0.1175027125,-0.0669981996,-0.9908099484,-0.9928273823,0.0300945741,0.1157069813,0.022065844,0.9972991316,-0.0700538412,-4.018059607954684,-1.2643823534097032,-96.74964987830471
190,Job_20240422_0938_Track11_Sphere_00191.jpg,116853.51998,253784.8398539651,41795.114387244,381.6841906141,-123.736070506,-88.5339091346,177.1268466426,-0.1676982334,-0.0629863196,-0.9838241845,-0.9858056046,0.0188510713,0.1668290955,0.0080381892,0.9978363396,-0.0652535582,-3.741532917068202,-0.4605592731095323,-99.65433124962266
191,Job_20240422_0938_Track11_Sphere_00192.jpg,116854.009696,253787.7473456251,41794.4679513508,381.6946533285,-125.5568165362,-88.8773927949,173.701388854,-0.1592040605,-0.069782157,-0.9847763795,-0.9870975916,-0.0060262039,0.160006342,-0.0171000509,0.9975440519,-0.067922403,-3.895236020575006,0.9798085014860856,-99.16205125579677
192,Job_20240422_0938_Track11_Sphere_00193.jpg,116854.488396,253790.6694391006,41793.8791684443,381.7147891205,-130.9742227754,-91.459666548,166.7586037689,-0.1159266861,-0.0667072694,-0.9910152086,-0.992482103,-0.0316440115,0.1182283035,-0.0392463839,0.9972706738,-0.0625373856,-3.5882360574926935,2.2492298196726255,-96.66223381814497
193,Job_20240422_0938_Track11_Sphere_00194.jpg,116854.984758,253793.6644068324,41793.4786636773,381.7270605164,-153.6435269841,-94.5248643233,143.9318720201,-0.0546821072,-0.0662435232,-0.9963040012,-0.9977089948,-0.0361794336,0.0571647643,-0.0398325099,0.9971473533,-0.0641133913,-3.678871691031429,2.2828386452948073,-93.13710962927769
194,Job_20240422_0938_Track11_Sphere_00195.jpg,116855.543631,253796.8359263128,41793.2387641026,381.7504758509,-185.3381884898,-95.6244039151,112.8604695431,-0.0137795155,-0.0672810352,-0.9976389062,-0.9994915697,-0.0277636157,0.0156774904,-0.0287528609,0.9973477046,-0.0668642584,-3.835488366532033,1.6476446597205712,-90.78985965564574
195,Job_20240422_0938_Track11_Sphere_00196.jpg,116856.18001,253800.0197651206,41793.1184634147,381.7773918146,178.2231718434,-95.7100660156,76.4220756776,0.0243720971,-0.0627695923,-0.9977304141,-0.999324265,-0.0289974637,-0.0225867316,-0.0275138916,0.9976066987,-0.0634339057,-3.6383161914074713,1.5766288287725918,-88.60291440336584
196,Job_20240422_0938_Track11_Sphere_00197.jpg,116856.895448,253803.1805428909,41793.1208445281,381.8055319171,148.9018045344,-94.1121779876,47.1725305921,0.0681391186,-0.0623402236,-0.995726246,-0.9973633243,-0.0292348092,-0.0664208195,-0.0249691781,0.9976266949,-0.0641678868,-3.680225817579846,1.4307772197278406,-86.09166825880575
197,Job_20240422_0938_Track11_Sphere_00198.jpg,116857.666743,253806.2555199017,41793.2571433131,381.8275342062,143.2709885213,-93.3209993547,41.7688636364,0.0829784219,-0.0638834799,-0.9945016252,-0.9963331096,-0.0262018996,-0.0814481129,-0.0208546429,0.9976133326,-0.0658234184,-3.7749549743996598,1.1949696479631517,-85.23917597067899
198,Job_20240422_0938_Track11_Sphere_00199.jpg,116858.442669,253809.251852578,41793.3734934013,381.84908491,147.5397664364,-93.8617118535,46.0248581249,0.0721888337,-0.0636931317,-0.9953551915,-0.9971607744,-0.026049168,-0.0706528894,-0.0214280708,0.9976295033,-0.0653927516,-3.750266447869878,1.2278319944629539,-85.85933129130434
199,Job_20240422_0938_Track11_Sphere_00200.jpg,116859.225719,253812.2337625755,41793.4670734471,381.865364966,147.9258137701,-93.5875540493,46.5296868331,0.0748724421,-0.0671243031,-0.9949313772,-0.997005397,-0.024397685,-0.0733824995,-0.0193482731,0.9974462797,-0.0687500068,-3.9429341696417013,1.1086435706763715,-85.70530137269225
200,Job_20240422_0938_Track11_Sphere_00201.jpg,116859.92267,253815.0860170856,41793.6209767545,381.8912858954,137.0382655317,-92.1873433492,35.8110375816,0.1035510497,-0.0652851546,-0.9924792334,-0.9944989548,-0.0226271253,-0.1022733694,-0.0157800192,0.997610075,-0.0672690806,-3.857628213442345,0.90416603003549,-84.05556442650796
201,Job_20240422_0938_Track11_Sphere_00202.jpg,116860.573209,253817.9832281896,41793.8078746023,381.9190920461,141.5236902406,-92.9604898401,40.1934868407,0.0890784202,-0.065133823,-0.9938926603,-0.9958637428,-0.0237580708,-0.0876981172,-0.0179008585,0.9975936744,-0.0669807442,-3.8412057726059072,1.025698425786158,-84.8885872926987
202,Job_20240422_0938_Track11_Sphere_00203.jpg,116861.224118,253820.980535263,41793.94450479,381.9397702413,146.5349140583,-93.6102760016,45.0551311144,0.0761371407,-0.0651413766,-0.9949672039,-0.996882685,-0.025678269,-0.0746025389,-0.0206893234,0.9975456017,-0.0668933804,-3.836394926725776,1.1854954971298113,-85.63250082974886
203,Job_20240422_0938_Track11_Sphere_00204.jpg,116861.898994,253824.0145289176,41794.0632693265,381.9624065338,148.7501662928,-93.6504254223,47.3376723713,0.0732912445,-0.0674039739,-0.9950301994,-0.9971169748,-0.0246106631,-0.0717778088,-0.0196502435,0.9974221872,-0.0690133927,-3.9580871965700055,1.1259484873615688,-85.79613926154227
204,Job_20240422_0938_Track11_Sphere_00205.jpg,116862.554816,253827.0085560376,41794.1718893349,381.9874221766,147.5787527548,-93.8591459894,46.1879760292,0.0720554131,-0.063904507,-0.9953513106,-0.9972103719,-0.02410697,-0.0706422551,-0.0194805457,0.9976648074,-0.0654632748,-3.7541669159108597,1.1162236563550276,-85.86716244981086
205,Job_20240422_0938_Track11_Sphere_00206.jpg,116863.252821,253830.1041146315,41794.2797774989,382.0070136357,146.0829083262,-93.9618820441,44.6088719818,0.0723903046,-0.0610619861,-0.9955054383,-0.9971578645,-0.0253233129,-0.0709571912,-0.0208767087,0.9978126897,-0.062721602,-3.5968284510721893,1.1962342028587154,-85.8478034381795
206,Job_20240422_0938_Track11_Sphere_00207.jpg,116864.065614,253833.3452892502,41794.4118267344,382.0311550479,142.1493048484,-93.4886137152,40.6873480268,0.0819497927,-0.0609026032,-0.9947738961,-0.9964279888,-0.025421005,-0.0805297185,-0.0203836827,0.9978199464,-0.0627683045,-3.599473500137223,1.167979882527673,-85.29837223680964
207,Job_20240422_0938_Track11_Sphere_00208.jpg,116864.817974,253836.2031342809,41794.5388065064,382.041875313,143.5934485442,-93.3959604998,42.0215447809,0.081799113,-0.0634942466,-0.9946242435,-0.9964059282,-0.0272420885,-0.0802065762,-0.0220029855,0.9976103193,-0.0654944224,-3.756152602835357,1.2607799503427888,-85.30687495437255
208,Job_20240422_0938_Track11_Sphere_00209.jpg,116865.496951,253839.0475692896,41794.6516156709,382.0508778961,151.4092647351,-93.7832804572,49.6784401278,0.0692880442,-0.0685916012,-0.9952358309,-0.9972899297,-0.0295013614,-0.0673978177,-0.0247378877,0.9972085348,-0.0704498048,-4.041061652807783,1.4175211642936123,-86.02568592458124
209,Job_20240422_0938_Track11_Sphere_00210.jpg,116866.101811,253841.9335705693,41794.7454011058,382.0694484729,151.0468859868,-93.750710038,49.4388822557,0.0699088541,-0.0686872342,-0.9951858198,-0.9972930666,-0.0276020049,-0.0681518052,-0.0227879649,0.9972563327,-0.070430927,-4.03978939743373,1.3057672416935746,-85.99020491739172
210,Job_20240422_0938_Track11_Sphere_00211.jpg,116866.625771,253844.764740103,41794.8443717249,382.0888196575,148.4625323983,-93.792486994,46.9888975226,0.0720166929,-0.0655071937,-0.9952499201,-0.9971881486,-0.0254597436,-0.0704811876,-0.020721783,0.9975272473,-0.0671565238,-3.851511757461045,1.1873556946315587,-85.86928387120534
211,Job_20240422_0938_Track11_Sphere_00212.jpg,116867.128537,253847.7306532487,41794.9623417389,382.1017873604,147.8061857032,-93.5902288825,46.4773052334,0.0748964983,-0.0670347954,-0.9949356013,-0.9970234255,-0.023341634,-0.0734809987,-0.0182976389,0.9974775708,-0.068583468,-3.9332898912316834,1.0484359943121353,-85.70400406671406
212,Job_20240422_0938_Track11_Sphere_00213.jpg,116867.573644,253850.5334609268,41795.0607039109,382.1207215879,147.7792669733,-93.6533774837,46.4241989834,0.0742164266,-0.0663146862,-0.9950348157,-0.9970657134,-0.0237032205,-0.0727881895,-0.0187586037,0.9975171777,-0.0678792682,-3.8928744711340704,1.0748518648451715,-85.74304819412492
213,Job_20240422_0938_Track11_Sphere_00214.jpg,116868.014293,253853.4833048978,41795.1722089397,382.1195463855,152.1302312896,-93.2714855975,50.8356597894,0.0736103596,-0.0755686726,-0.9944198765,-0.9971337011,-0.0230639824,-0.0720585514,-0.0174899134,0.9968738277,-0.0770498182,-4.419686523457469,1.0021493202308063,-85.77797197737047
214,Job_20240422_0938_Track11_Sphere_00215.jpg,116868.436258,253856.5097919843,41795.2827546839,382.145902914,149.7343631757,-93.6150988519,48.4997077935,0.0724482748,-0.0691115818,-0.994974792,-0.9972301238,-0.0218556169,-0.0710943899,-0.0168323421,0.9973695009,-0.070503553,-4.043483950347808,0.964467708020314,-85.84479005086915
215,Job_20240422_0938_Track11_Sphere_00216.jpg,116868.824949,253859.4241344271,41795.3859668998,382.1649993192,148.4486596174,-93.6979588196,47.1932499414,0.072895964,-0.0667358396,-0.995104269,-0.9971907369,-0.0221125144,-0.07156585,-0.0172282504,0.9975256209,-0.0681602741,-3.908907312294049,0.9871548733570682,-85.81903943748998
216,Job_20240422_0938_Track11_Sphere_00217.jpg,116869.20716,253862.3924253086,41795.4954976672,382.1854287572,147.2910026094,-93.7909106964,46.107678303,0.0729349829,-0.0645204112,-0.9952475093,-0.9972054611,-0.02090586,-0.0717231723,-0.0161788965,0.9976973797,-0.0658648749,-3.7770083270573394,0.9270229318053018,-85.81687098902792
217,Job_20240422_0938_Track11_Sphere_00218.jpg,116869.577976,253865.351203753,41795.5988331921,382.196489227,149.7754073155,-93.9298481478,48.5511667467,0.0688348443,-0.0657709276,-0.9954576582,-0.9974846586,-0.0214558543,-0.0675573985,-0.0169150817,0.9976040454,-0.0670824017,-3.846978250343124,0.9692090136168171,-86.05236703574181
